{"acc":[0.7756500244140625,0.9410666823387146,0.9589000344276428,0.968833327293396,0.9733666777610779,0.9778333306312561,0.9794166684150696,0.981333315372467,0.982200026512146,0.9840500354766846],"loss":[0.8453353643417358,0.200409397482872,0.13800446689128876,0.1052531749010086,0.08884771168231964,0.0759165808558464,0.06898803263902664,0.061143118888139725,0.05848023667931557,0.053731199353933334],"val_acc":[0.9291999936103821,0.9577999711036682,0.9688000082969666,0.9742000102996826,0.9771999716758728,0.9789999723434448,0.98089998960495,0.9814000129699707,0.9810000061988831,0.9819999933242798]}